mse,mae
0.385707,0.409263
