mse,mae
0.313989,0.357269
